ticker,direction,entry_date,entry_price,trigger_level,mid_target,full_target,stop_level,central_pivot,atr_at_entry,exit_date,exit_price,exit_reason,half_exit_date,half_exit_price,pnl_pct,pnl_dollars,hold_days,hit_mid,hit_full
SPY,long,2019-03-21,282.15,282.15,283.13,284.1,281.55,281.55,2.55,2019-03-22,279.25,stop_loss,2019-03-22,283.13,-0.3416,-34.16,1,True,False
SPY,long,2020-06-05,312.75,312.75,315.01,317.27,311.36,311.36,5.91,2020-06-08,317.27,full_target,2020-06-08,315.01,1.0819,108.19,1,True,True
SPY,long,2020-07-14,316.29,316.29,318.63,320.97,314.84,314.84,6.13,2020-07-15,320.97,full_target,2020-07-15,318.63,1.1112,111.12,1,True,True
SPY,long,2021-07-07,433.69,433.69,434.91,436.14,432.93,432.93,3.21,2021-07-08,430.92,stop_loss,,,-0.638,-63.8,1,False,False
SPY,long,2021-07-09,431.74,431.74,433.07,434.4,430.92,430.92,3.48,2021-07-12,434.4,full_target,2021-07-12,433.07,0.4614,46.14,1,True,True
SPY,long,2021-08-27,447.04,447.04,448.31,449.57,446.26,446.26,3.31,2021-08-30,449.57,full_target,2021-08-30,448.31,0.4247,42.47,1,True,True
SPY,long,2023-05-25,412.12,412.12,413.79,415.47,411.09,411.09,4.38,2023-05-26,415.47,full_target,2023-05-26,413.79,0.6085,60.85,1,True,True
SPY,long,2023-06-01,418.9,418.9,420.61,422.31,417.85,417.85,4.46,2023-06-02,422.31,full_target,2023-06-02,420.61,0.6098,60.98,1,True,True
SPY,long,2024-01-18,473.27,473.27,474.86,476.45,472.29,472.29,4.16,2024-01-19,476.45,full_target,2024-01-19,474.86,0.5042,50.42,1,True,True
SPY,short,2025-03-10,573.75,573.75,570.24,566.72,575.92,575.92,9.2,2025-03-11,566.72,full_target,2025-03-11,570.24,0.9186,91.86,1,True,True
SPY,short,2025-04-03,562.23,562.23,558.52,554.81,564.52,564.52,9.71,2025-04-04,554.81,full_target,2025-04-04,558.52,0.9899,98.99,1,True,True
SPY,short,2025-04-08,500.95,500.95,495.39,489.84,504.38,504.38,14.54,2025-04-09,548.62,stop_loss,2025-04-09,495.39,-4.2037,-420.37,1,True,False
SPY,short,2025-04-10,544.16,544.16,536.95,529.73,548.62,548.62,18.89,2025-04-11,529.73,full_target,2025-04-11,536.95,1.9886,198.86,1,True,True
SPY,long,2025-06-16,598.74,598.74,601.56,604.38,597.0,597.0,7.38,2025-06-20,594.28,stop_loss,2025-06-17,601.56,-0.1371,-13.71,3,True,False
SPY,long,2025-06-23,595.95,595.95,598.65,601.35,594.28,594.28,7.07,2025-06-24,601.35,full_target,2025-06-24,598.65,0.6794,67.94,1,True,True
SPY,long,2025-06-26,608.75,608.75,611.4,614.04,607.12,607.12,6.92,2025-06-27,614.04,full_target,2025-06-27,611.4,0.6514,65.14,1,True,True
SPY,long,2025-09-18,660.36,660.36,662.26,664.16,659.18,659.18,4.98,2025-09-19,664.16,full_target,2025-09-19,662.26,0.4325,43.25,1,True,True
SPY,long,2025-10-31,681.48,681.48,684.16,686.83,679.83,679.83,7.0,2025-11-04,675.24,stop_loss,2025-11-03,684.16,-0.2618,-26.18,2,True,False
SPY,long,2026-01-09,690.84,690.84,692.99,695.14,689.51,689.51,5.63,2026-01-12,695.14,full_target,2026-01-12,692.99,0.4668,46.68,1,True,True
QQQ,long,2019-03-15,177.2,177.2,177.99,178.78,176.71,176.71,2.07,2019-03-18,178.78,full_target,2019-03-18,177.99,0.6699,66.99,1,True,True
QQQ,long,2019-03-19,178.93,178.93,179.7,180.48,178.45,178.45,2.03,2019-03-20,180.48,full_target,2019-03-20,179.7,0.6502,65.02,1,True,True
QQQ,long,2020-08-12,266.37,266.37,268.29,270.21,265.19,265.19,5.02,2020-08-13,270.21,full_target,2020-08-13,268.29,1.0788,107.88,1,True,True
QQQ,long,2021-01-25,326.48,326.48,328.19,329.9,325.42,325.42,4.47,2021-01-27,319.43,stop_loss,2021-01-26,328.19,-0.8173,-81.73,2,True,False
QQQ,long,2021-01-28,320.63,320.63,322.58,324.53,319.43,319.43,5.1,2021-01-29,314.56,stop_loss,,,-1.8944,-189.44,1,False,False
QQQ,long,2021-02-01,315.85,315.85,317.94,320.03,314.56,314.56,5.47,2021-02-02,320.03,full_target,2021-02-02,317.94,0.9931,99.31,1,True,True
QQQ,long,2021-12-15,389.88,389.88,392.6,395.32,388.2,388.2,7.12,2021-12-16,395.32,full_target,2021-12-16,392.6,1.0462,104.62,1,True,True
QQQ,short,2022-12-22,271.94,271.94,269.49,267.04,273.45,273.45,6.41,2022-12-23,267.04,full_target,2022-12-23,269.49,1.3503,135.03,1,True,True
QQQ,long,2023-03-23,307.63,307.63,310.06,312.5,306.12,306.12,6.38,2023-03-27,312.5,full_target,2023-03-24,310.06,1.1881,118.81,2,True,True
QQQ,long,2023-05-10,322.73,322.73,324.51,326.28,321.64,321.64,4.64,2023-05-11,326.28,full_target,2023-05-11,324.51,0.8237,82.37,1,True,True
QQQ,long,2023-12-15,404.56,404.56,406.44,408.33,403.39,403.39,4.94,2023-12-19,408.33,full_target,2023-12-18,406.44,0.6992,69.92,2,True,True
QQQ,long,2023-12-21,404.2,404.2,406.01,407.83,403.08,403.08,4.75,2023-12-22,407.83,full_target,2023-12-22,406.01,0.6728,67.28,1,True,True
QQQ,long,2024-10-29,496.91,496.91,499.36,501.8,495.4,495.4,6.4,2024-10-31,483.85,stop_loss,2024-10-30,499.36,-1.0681,-106.81,2,True,False
QQQ,short,2025-04-03,473.65,473.65,469.61,465.56,476.15,476.15,10.59,2025-04-04,465.56,full_target,2025-04-04,469.61,1.2811,128.11,1,True,True
QQQ,short,2025-04-08,420.19,420.19,414.51,408.84,423.69,423.69,14.85,2025-04-09,466.0,stop_loss,,,-10.9033,-1090.33,1,False,False
QQQ,short,2025-04-10,461.57,461.57,454.41,447.24,466.0,466.0,18.76,2025-04-11,447.24,full_target,2025-04-11,454.41,2.3285,232.85,1,True,True
QQQ,long,2025-06-23,528.65,528.65,531.59,534.53,526.83,526.83,7.7,2025-06-24,534.53,full_target,2025-06-24,531.59,0.835,83.5,1,True,True
QQQ,long,2025-09-18,591.38,591.38,593.6,595.83,590.0,590.0,5.83,2025-09-19,595.83,full_target,2025-09-19,593.6,0.5648,56.48,1,True,True
QQQ,long,2025-10-31,628.03,628.03,631.24,634.44,626.05,626.05,8.39,2025-11-03,634.44,full_target,2025-11-03,631.24,0.7656,76.56,1,True,True
AAPL,long,2019-03-20,46.81,46.81,47.1,47.39,46.63,46.63,0.76,2019-03-21,47.39,full_target,2019-03-21,47.1,0.9322,93.22,1,True,True
AAPL,long,2019-12-13,68.11,68.11,68.52,68.92,67.86,67.86,1.06,2019-12-16,68.92,full_target,2019-12-16,68.52,0.8889,88.89,1,True,True
AAPL,long,2020-06-05,80.99,80.99,81.65,82.32,80.58,80.58,1.74,2020-06-08,82.32,full_target,2020-06-08,81.65,1.2286,122.86,1,True,True
AAPL,long,2020-06-12,84.47,84.47,85.28,86.09,83.97,83.97,2.11,2020-06-15,85.75,stop_loss,,,1.5082,150.82,1,False,False
AAPL,long,2020-12-15,122.47,122.47,123.59,124.71,121.78,121.78,2.93,2020-12-16,124.71,full_target,2020-12-16,123.59,1.3703,137.03,1,True,True
AAPL,long,2021-06-21,130.98,130.98,131.83,132.67,130.46,130.46,2.21,2021-06-22,132.67,full_target,2021-06-22,131.83,0.9668,96.68,1,True,True
AAPL,long,2021-09-01,152.43,152.43,153.41,154.38,151.83,151.83,2.55,2021-09-02,154.38,full_target,2021-09-02,153.41,0.9599,95.99,1,True,True
AAPL,long,2021-10-28,149.42,149.42,150.33,151.24,148.85,148.85,2.39,2021-10-29,149.8,stop_loss,,,0.2576,25.76,1,False,False
AAPL,long,2021-11-29,157.56,157.56,158.77,159.99,156.81,156.81,3.18,2021-11-30,159.99,full_target,2021-11-30,158.77,1.1552,115.52,1,True,True
AAPL,short,2022-12-14,144.41,144.41,142.69,140.97,145.47,145.47,4.5,2022-12-15,140.97,full_target,2022-12-15,142.69,1.7845,178.45,1,True,True
AAPL,long,2023-05-05,166.46,166.46,167.56,168.65,165.79,165.79,2.86,2023-05-08,168.65,full_target,2023-05-08,167.56,0.9844,98.44,1,True,True
AAPL,long,2025-12-01,280.13,280.13,282.21,284.29,278.85,278.85,5.44,2025-12-02,284.29,full_target,2025-12-02,282.21,1.1135,111.35,1,True,True
NVDA,short,2019-01-03,3.35,3.35,3.27,3.18,3.41,3.41,0.22,2019-01-07,3.59,stop_loss,2019-01-04,3.27,-2.195,-219.5,2,True,False
NVDA,long,2019-10-07,4.58,4.58,4.63,4.69,4.55,4.55,0.14,2019-10-08,4.43,stop_loss,,,-3.2973,-329.73,1,False,False
NVDA,long,2019-10-15,4.7,4.7,4.75,4.8,4.66,4.66,0.14,2019-10-16,4.8,full_target,2019-10-16,4.75,1.6782,167.82,1,True,True
NVDA,long,2019-11-25,5.31,5.31,5.36,5.41,5.27,5.27,0.14,2019-11-26,5.41,full_target,2019-11-26,5.36,1.523,152.3,1,True,True
NVDA,long,2019-12-17,5.66,5.66,5.71,5.77,5.63,5.63,0.14,2019-12-18,5.77,full_target,2019-12-18,5.71,1.3922,139.22,1,True,True
NVDA,long,2020-02-10,6.33,6.33,6.39,6.45,6.29,6.29,0.16,2020-02-11,6.45,full_target,2020-02-11,6.39,1.4272,142.72,1,True,True
NVDA,long,2020-02-14,6.81,6.81,6.87,6.93,6.77,6.77,0.16,2020-02-18,6.93,full_target,2020-02-18,6.87,1.3811,138.11,1,True,True
NVDA,long,2020-05-14,7.86,7.86,7.99,8.12,7.78,7.78,0.34,2020-05-15,8.12,full_target,2020-05-15,7.99,2.4472,244.72,1,True,True
NVDA,long,2020-05-20,8.89,8.89,9.03,9.17,8.81,8.81,0.36,2020-05-21,8.78,stop_loss,2020-05-21,9.03,0.1258,12.58,1,True,False
NVDA,long,2020-05-22,8.86,8.86,8.99,9.12,8.78,8.78,0.35,2020-05-26,9.12,full_target,2020-05-26,8.99,2.2577,225.77,1,True,True
NVDA,long,2020-07-14,10.13,10.13,10.26,10.4,10.05,10.05,0.34,2020-07-15,10.4,full_target,2020-07-15,10.26,1.9416,194.16,1,True,True
NVDA,long,2020-08-12,10.93,10.93,11.07,11.21,10.85,10.85,0.36,2020-08-13,11.21,full_target,2020-08-13,11.07,1.8679,186.79,1,True,True
NVDA,long,2020-08-14,11.53,11.53,11.67,11.82,11.44,11.44,0.37,2020-08-17,11.82,full_target,2020-08-17,11.67,1.8604,186.04,1,True,True
NVDA,long,2021-02-08,13.68,13.68,13.84,13.99,13.59,13.59,0.4,2021-02-09,13.99,full_target,2021-02-09,13.84,1.6663,166.63,1,True,True
NVDA,long,2021-02-10,14.36,14.36,14.53,14.69,14.26,14.26,0.43,2021-02-11,14.69,full_target,2021-02-11,14.53,1.7052,170.52,1,True,True
NVDA,long,2021-02-16,15.07,15.07,15.24,15.41,14.96,14.96,0.45,2021-02-17,14.91,stop_loss,,,-1.0751,-107.51,1,False,False
NVDA,long,2021-08-25,21.96,21.96,22.24,22.51,21.79,21.79,0.72,2021-08-27,22.51,full_target,2021-08-26,22.24,1.8698,186.98,2,True,True
NVDA,short,2022-01-25,23.01,23.01,22.43,21.84,23.37,23.37,1.53,2022-01-27,21.94,stop_loss,2022-01-26,22.43,3.5887,358.87,2,True,False
NVDA,short,2022-10-14,11.8,11.8,11.53,11.26,11.96,11.96,0.7,2022-10-18,11.97,stop_loss,2022-10-17,11.53,0.4025,40.25,2,True,False
NVDA,long,2022-12-12,17.17,17.17,17.46,17.74,17.0,17.0,0.74,2022-12-13,17.74,full_target,2022-12-13,17.46,2.4532,245.32,1,True,True
NVDA,long,2023-07-17,45.83,45.83,46.4,46.98,45.47,45.47,1.51,2023-07-18,46.98,full_target,2023-07-18,46.4,1.8883,188.83,1,True,True
NVDA,long,2023-08-21,43.69,43.69,44.31,44.94,43.3,43.3,1.64,2023-08-22,44.94,full_target,2023-08-22,44.31,2.1488,214.88,1,True,True
NVDA,long,2024-11-19,141.24,141.24,142.99,144.75,140.15,140.15,4.6,2024-11-20,144.75,full_target,2024-11-20,142.99,1.8665,186.65,1,True,True
NVDA,short,2025-04-03,109.11,109.11,106.98,104.86,110.42,110.42,5.56,2025-04-04,104.86,full_target,2025-04-04,106.98,2.9205,292.05,1,True,True
NVDA,short,2025-04-10,112.47,112.47,109.45,106.44,114.33,114.33,7.89,2025-04-16,106.44,full_target,2025-04-11,109.45,4.0208,402.08,4,True,True
NVDA,long,2025-11-10,189.84,189.84,192.59,195.33,188.15,188.15,7.18,2025-11-11,195.33,full_target,2025-11-11,192.59,2.1671,216.71,1,True,True
TSLA,long,2018-12-13,24.66,24.66,25.02,25.37,24.44,24.44,0.93,2018-12-14,24.38,stop_loss,2018-12-14,25.02,0.156,15.6,1,True,False
TSLA,short,2019-03-15,19.15,19.15,18.86,18.57,19.33,19.33,0.76,2019-03-18,18.57,full_target,2019-03-18,18.86,2.2689,226.89,1,True,True
TSLA,short,2019-04-22,18.07,18.07,17.83,17.59,18.22,18.22,0.63,2019-04-23,17.59,full_target,2019-04-23,17.83,1.987,198.7,1,True,True
TSLA,short,2019-04-24,17.44,17.44,17.2,16.96,17.59,17.59,0.63,2019-04-25,16.96,full_target,2019-04-25,17.2,2.0855,208.55,1,True,True
TSLA,long,2019-10-24,17.1,17.1,17.31,17.51,16.98,16.98,0.53,2019-10-25,17.51,full_target,2019-10-25,17.31,1.7736,177.36,1,True,True
TSLA,long,2020-06-10,63.31,63.31,64.29,65.26,62.71,62.71,2.55,2020-06-11,65.26,full_target,2020-06-11,64.29,2.3072,230.72,1,True,True
TSLA,long,2020-06-15,63.06,63.06,64.2,65.34,62.35,62.35,2.99,2020-06-16,65.34,full_target,2020-06-16,64.2,2.718,271.8,1,True,True
TSLA,long,2020-08-20,126.72,126.72,129.13,131.54,125.24,125.24,6.31,2020-08-21,131.54,full_target,2020-08-21,129.13,2.8522,285.22,1,True,True
TSLA,long,2020-08-26,136.51,136.51,139.14,141.77,134.89,134.89,6.88,2020-08-27,141.77,full_target,2020-08-27,139.14,2.8876,288.76,1,True,True
TSLA,long,2020-11-23,164.97,164.97,167.84,170.71,163.2,163.2,7.51,2020-11-24,170.71,full_target,2020-11-24,167.84,2.607,260.7,1,True,True
TSLA,long,2020-12-01,191.31,191.31,194.74,198.16,189.2,189.2,8.96,2020-12-02,189.61,stop_loss,,,-0.8924,-89.24,1,False,False
TSLA,short,2021-05-17,193.96,193.96,189.71,185.47,196.58,196.58,11.11,2021-05-19,185.47,full_target,2021-05-18,189.71,3.2836,328.36,2,True,True
TSLA,long,2021-09-07,246.0,246.0,248.39,250.78,244.52,244.52,6.26,2021-09-08,250.78,full_target,2021-09-08,248.39,1.458,145.8,1,True,True
TSLA,long,2021-09-13,246.97,246.97,249.47,251.97,245.42,245.42,6.55,2021-09-15,251.97,full_target,2021-09-14,249.47,1.5192,151.92,2,True,True
TSLA,long,2021-10-04,260.03,260.03,262.66,265.28,258.41,258.41,6.88,2021-10-05,265.28,full_target,2021-10-05,262.66,1.5151,151.51,1,True,True
TSLA,short,2022-03-07,275.25,275.25,268.49,261.73,279.43,279.43,17.7,2022-03-08,261.73,full_target,2022-03-08,268.49,3.6849,368.49,1,True,True
TSLA,short,2022-06-16,228.99,228.99,222.5,216.01,233.0,233.0,16.99,2022-06-17,216.01,full_target,2022-06-17,222.5,4.2523,425.23,1,True,True
TSLA,long,2022-08-02,300.51,300.51,305.75,310.99,297.28,297.28,13.72,2022-08-04,310.99,full_target,2022-08-03,305.75,2.6156,261.56,2,True,True
TSLA,long,2022-09-14,294.82,294.82,299.17,303.52,292.13,292.13,11.39,2022-09-15,303.52,full_target,2022-09-15,299.17,2.214,221.4,1,True,True
TSLA,short,2022-11-14,192.8,192.8,187.68,182.55,195.97,195.97,13.42,2022-11-17,182.55,full_target,2022-11-16,187.68,3.988,398.8,3,True,True
TSLA,short,2022-12-12,176.72,176.72,172.94,169.17,179.05,179.05,9.88,2022-12-13,169.17,full_target,2022-12-13,172.94,3.204,320.4,1,True,True
TSLA,short,2022-12-16,155.29,155.29,151.44,147.58,157.67,157.67,10.09,2022-12-19,147.58,full_target,2022-12-19,151.44,3.7224,372.24,1,True,True
TSLA,short,2022-12-20,147.49,147.49,143.63,139.77,149.87,149.87,10.1,2022-12-21,139.77,full_target,2022-12-21,143.63,3.9232,392.32,1,True,True
TSLA,short,2023-04-26,158.73,158.73,155.6,152.46,160.67,160.67,8.21,2023-04-27,152.46,full_target,2023-04-27,155.6,2.9633,296.33,1,True,True
TSLA,short,2023-10-30,204.81,204.81,200.77,196.74,207.3,207.3,10.56,2023-10-31,196.74,full_target,2023-10-31,200.77,2.9546,295.46,1,True,True
TSLA,short,2024-04-18,153.67,153.67,150.79,147.91,155.45,155.45,7.54,2024-04-19,147.91,full_target,2024-04-19,150.79,2.813,281.3,1,True,True
TSLA,long,2024-07-01,199.59,199.59,202.36,205.13,197.88,197.88,7.25,2024-07-02,205.13,full_target,2024-07-02,202.36,2.0812,208.12,1,True,True
TSLA,long,2024-07-09,255.26,255.26,259.01,262.76,252.94,252.94,9.82,2024-07-10,262.76,full_target,2024-07-10,259.01,2.2039,220.39,1,True,True
TSLA,long,2024-09-19,229.64,229.64,233.58,237.52,227.2,227.2,10.32,2024-09-20,237.52,full_target,2024-09-20,233.58,2.5753,257.53,1,True,True
TSLA,long,2024-09-23,240.75,240.75,244.8,248.86,238.25,238.25,10.61,2024-09-24,248.86,full_target,2024-09-24,244.8,2.5242,252.42,1,True,True
TSLA,long,2025-08-22,322.98,322.98,327.64,332.29,320.11,320.11,12.18,2025-08-25,332.29,full_target,2025-08-25,327.64,2.161,216.1,1,True,True
TSLA,long,2025-09-11,350.62,350.62,355.2,359.78,347.79,347.79,11.99,2025-09-12,359.78,full_target,2025-09-12,355.2,1.9599,195.99,1,True,True
TSLA,long,2025-09-19,420.41,420.41,426.18,431.94,416.85,416.85,15.09,2025-09-22,431.94,full_target,2025-09-22,426.18,2.0572,205.72,1,True,True
TSLA,long,2025-09-24,429.47,429.47,435.34,441.2,425.85,425.85,15.35,2025-09-25,423.39,stop_loss,2025-09-25,435.34,-0.0255,-2.55,1,True,False
META,long,2019-03-11,170.52,170.52,172.02,173.51,169.6,169.6,3.91,2019-03-12,173.51,full_target,2019-03-12,172.02,1.315,131.5,1,True,True
META,short,2019-10-01,177.09,177.09,175.5,173.9,178.08,178.08,4.18,2019-10-02,173.9,full_target,2019-10-02,175.5,1.3517,135.17,1,True,True
META,long,2019-11-12,190.58,190.58,192.14,193.71,189.61,189.61,4.1,2019-11-13,193.71,full_target,2019-11-13,192.14,1.2317,123.17,1,True,True
META,long,2020-01-06,209.5,209.5,210.83,212.17,208.67,208.67,3.5,2020-01-07,212.17,full_target,2020-01-07,210.83,0.9564,95.64,1,True,True
META,long,2020-07-08,242.85,242.85,246.08,249.31,240.86,240.86,8.45,2020-07-13,249.31,full_target,2020-07-09,246.08,1.9928,199.28,3,True,True
META,long,2020-08-06,250.89,250.89,253.75,256.62,249.12,249.12,7.5,2020-08-07,256.62,full_target,2020-08-07,253.75,1.7124,171.24,1,True,True
META,short,2021-01-14,249.82,249.82,246.87,243.92,251.64,251.64,7.72,2021-01-19,261.1,stop_loss,,,-4.5161,-451.61,2,False,False
META,short,2021-02-25,262.51,262.51,259.59,256.67,264.31,264.31,7.64,2021-02-26,256.67,full_target,2021-02-26,259.59,1.6678,166.78,1,True,True
META,long,2021-03-19,280.74,280.74,284.16,287.59,278.62,278.62,8.97,2021-03-22,287.59,full_target,2021-03-22,284.16,1.8301,183.01,1,True,True
META,long,2021-06-28,342.86,342.86,345.26,347.67,341.37,341.37,6.3,2021-06-29,347.67,full_target,2021-06-29,345.26,1.0528,105.28,1,True,True
META,long,2021-07-01,349.36,349.36,352.03,354.71,347.71,347.71,7.0,2021-07-02,354.71,full_target,2021-07-02,352.03,1.1477,114.77,1,True,True
META,long,2021-09-01,381.06,381.06,383.79,386.52,379.38,379.38,7.14,2021-09-02,375.28,stop_loss,,,-1.518,-151.8,1,False,False
META,long,2021-09-07,377.88,377.88,380.51,383.13,376.26,376.26,6.87,2021-09-10,383.13,full_target,2021-09-08,380.51,1.0423,104.23,3,True,True
META,short,2021-12-03,307.97,307.97,304.05,300.14,310.39,310.39,10.25,2021-12-06,317.87,stop_loss,,,-3.2145,-321.45,1,False,False
META,short,2022-01-25,306.01,306.01,301.63,297.26,308.71,308.71,11.45,2022-01-26,297.26,full_target,2022-01-26,301.63,2.1438,214.38,1,True,True
META,short,2022-06-21,161.53,161.53,157.95,154.38,163.74,163.74,9.36,2022-06-23,154.38,full_target,2022-06-22,157.95,3.3215,332.15,2,True,True
META,short,2022-07-28,167.68,167.68,164.6,161.52,169.58,169.58,8.06,2022-07-29,161.52,full_target,2022-07-29,164.6,2.7553,275.53,1,True,True
META,short,2022-10-31,97.31,97.31,94.25,91.2,99.2,99.2,8.0,2022-11-02,91.2,full_target,2022-11-01,94.25,4.7133,471.33,2,True,True
META,long,2023-09-11,299.99,299.99,303.38,306.77,297.89,297.89,8.88,2023-09-12,306.77,full_target,2023-09-12,303.38,1.6958,169.58,1,True,True
META,long,2024-06-24,497.35,497.35,501.51,505.66,494.78,494.78,10.88,2024-06-25,505.66,full_target,2024-06-25,501.51,1.2539,125.39,1,True,True
META,long,2024-07-05,512.61,512.61,516.89,521.18,509.96,509.96,11.22,2024-07-08,521.18,full_target,2024-07-08,516.89,1.2543,125.43,1,True,True
META,long,2024-09-19,541.26,541.26,546.63,551.99,537.95,537.95,14.04,2024-09-20,551.99,full_target,2024-09-20,546.63,1.4861,148.61,1,True,True
META,long,2024-09-25,566.66,566.66,572.06,577.46,563.33,563.33,14.13,2024-10-01,577.46,full_target,2024-09-26,572.06,1.4285,142.85,4,True,True
META,long,2024-11-07,575.23,575.23,580.39,585.54,572.05,572.05,13.49,2024-11-08,585.54,full_target,2024-11-08,580.39,1.3438,134.38,1,True,True
META,long,2025-01-30,680.95,680.95,688.18,695.4,676.49,676.49,18.91,2025-01-31,695.4,full_target,2025-01-31,688.18,1.5914,159.14,1,True,True
META,long,2025-02-03,693.9,693.9,701.55,709.2,689.18,689.18,20.02,2025-02-05,709.2,full_target,2025-02-04,701.55,1.6528,165.28,2,True,True
META,long,2025-07-31,698.6,698.6,704.08,709.56,695.21,695.21,14.35,2025-08-01,709.56,full_target,2025-08-01,704.08,1.1773,117.73,1,True,True
META,long,2025-08-04,754.81,754.81,762.57,770.33,750.01,750.01,20.32,2025-08-05,770.33,full_target,2025-08-05,762.57,1.5429,154.29,1,True,True
META,long,2025-08-12,770.24,770.24,777.31,784.38,765.87,765.87,18.51,2025-08-13,784.38,full_target,2025-08-13,777.31,1.3767,137.67,1,True,True
META,long,2025-09-18,779.48,779.48,785.57,791.65,775.72,775.72,15.93,2025-09-22,765.16,stop_loss,2025-09-19,785.57,-0.5281,-52.81,2,True,False
META,short,2025-10-30,747.97,747.97,741.97,735.97,751.67,751.67,15.7,2025-10-31,735.97,full_target,2025-10-31,741.97,1.2026,120.26,1,True,True
META,short,2025-11-06,630.88,630.88,622.67,614.46,635.95,635.95,21.49,2025-11-07,614.46,full_target,2025-11-07,622.67,1.9522,195.22,1,True,True
META,short,2026-01-20,616.82,616.82,611.26,605.7,620.25,620.25,14.55,2026-01-21,605.7,full_target,2026-01-21,611.26,1.3513,135.13,1,True,True
AMZN,long,2019-03-15,84.71,84.71,85.36,86.01,84.31,84.31,1.7,2019-03-18,86.01,full_target,2019-03-18,85.36,1.1479,114.79,1,True,True
AMZN,long,2019-03-25,88.67,88.67,89.37,90.06,88.24,88.24,1.83,2019-03-26,90.06,full_target,2019-03-26,89.37,1.1798,117.98,1,True,True
AMZN,long,2020-02-04,100.68,100.68,101.45,102.21,100.21,100.21,2.0,2020-02-05,102.21,full_target,2020-02-05,101.45,1.141,114.1,1,True,True
AMZN,long,2020-06-19,133.47,133.47,134.72,135.97,132.7,132.7,3.27,2020-06-23,135.97,full_target,2020-06-22,134.72,1.4053,140.53,2,True,True
AMZN,short,2021-03-08,149.02,149.02,147.39,145.76,150.02,150.02,4.26,2021-03-09,153.14,stop_loss,,,-2.7687,-276.87,1,False,False
AMZN,long,2021-04-13,169.79,169.79,171.11,172.43,168.97,168.97,3.46,2021-04-14,166.65,stop_loss,,,-1.8471,-184.71,1,False,False
AMZN,long,2021-06-16,169.78,169.78,170.79,171.8,169.16,169.16,2.64,2021-06-17,171.8,full_target,2021-06-17,170.79,0.8921,89.21,1,True,True
AMZN,long,2021-06-22,173.35,173.35,174.4,175.45,172.7,172.7,2.75,2021-06-23,175.45,full_target,2021-06-23,174.4,0.9087,90.87,1,True,True
AMZN,short,2022-01-10,161.63,161.63,160.12,158.62,162.55,162.55,3.93,2022-01-11,165.36,stop_loss,,,-2.3115,-231.15,1,False,False
AMZN,short,2022-01-18,161.19,161.19,159.64,158.1,162.14,162.14,4.04,2022-01-19,158.1,full_target,2022-01-19,159.64,1.4349,143.49,1,True,True
AMZN,short,2022-11-01,101.16,101.16,99.1,97.04,102.44,102.44,5.4,2022-11-02,97.04,full_target,2022-11-02,99.1,3.0606,306.06,1,True,True
AMZN,short,2022-12-19,87.01,87.01,85.64,84.26,87.86,87.86,3.6,2022-12-22,84.26,full_target,2022-12-20,85.64,2.3681,236.81,3,True,True
AMZN,long,2023-07-19,133.53,133.53,134.66,135.79,132.83,132.83,2.96,2023-07-20,129.96,stop_loss,2023-07-20,134.66,-0.9127,-91.27,1,True,False
AMZN,long,2023-08-04,129.67,129.67,130.91,132.15,128.91,128.91,3.24,2023-08-07,132.15,full_target,2023-08-07,130.91,1.4299,142.99,1,True,True
AMZN,long,2023-09-11,138.97,138.97,140.16,141.36,138.23,138.23,3.13,2023-09-12,141.36,full_target,2023-09-12,140.16,1.2893,128.93,1,True,True
AMZN,long,2023-09-13,141.99,141.99,143.23,144.46,141.23,141.23,3.23,2023-09-14,144.46,full_target,2023-09-14,143.23,1.304,130.4,1,True,True
AMZN,long,2024-04-05,180.79,180.79,182.06,183.33,180.0,180.0,3.33,2024-04-08,183.33,full_target,2024-04-08,182.06,1.0543,105.43,1,True,True
AMZN,long,2024-04-11,186.76,186.76,188.08,189.4,185.95,185.95,3.45,2024-04-15,183.62,stop_loss,2024-04-12,188.08,-0.4889,-48.89,2,True,False
AMZN,long,2024-11-01,187.38,187.38,188.96,190.54,186.4,186.4,4.14,2024-11-04,190.54,full_target,2024-11-04,188.96,1.2673,126.73,1,True,True
AMZN,long,2025-01-17,221.86,221.86,223.81,225.76,220.66,220.66,5.1,2025-01-21,225.76,full_target,2025-01-21,223.81,1.3175,131.75,1,True,True
AMZN,long,2025-01-28,236.67,236.67,238.7,240.73,235.42,235.42,5.31,2025-01-30,234.64,stop_loss,2025-01-29,238.7,-0.0009,-0.09,2,True,False
AMZN,long,2025-01-31,235.92,235.92,237.99,240.06,234.64,234.64,5.42,2025-02-03,237.42,stop_loss,,,0.6358,63.58,1,False,False
AMZN,short,2025-04-03,194.41,194.41,191.81,189.22,196.01,196.01,6.79,2025-04-04,189.22,full_target,2025-04-04,191.81,2.0013,200.13,1,True,True
AMZN,short,2025-04-08,173.13,173.13,169.69,166.25,175.26,175.26,9.01,2025-04-09,191.1,stop_loss,,,-10.377,-1037.7,1,False,False
AMZN,short,2025-04-10,188.61,188.61,184.59,180.56,191.1,191.1,10.54,2025-04-11,180.56,full_target,2025-04-11,184.59,3.2021,320.21,1,True,True
AMZN,long,2025-06-24,209.64,209.64,211.54,213.44,208.47,208.47,4.97,2025-06-25,213.44,full_target,2025-06-25,211.54,1.3578,135.78,1,True,True
AMZN,long,2025-10-31,224.1,224.1,226.11,228.11,222.86,222.86,5.25,2025-11-03,228.11,full_target,2025-11-03,226.11,1.3435,134.35,1,True,True
AMZN,long,2026-01-05,227.59,227.59,229.35,231.11,226.5,226.5,4.61,2026-01-06,231.11,full_target,2026-01-06,229.35,1.1606,116.06,1,True,True
AMZN,long,2026-01-08,242.81,242.81,244.84,246.86,241.56,241.56,5.3,2026-01-09,246.86,full_target,2026-01-09,244.84,1.2511,125.11,1,True,True
AMZN,long,2026-01-15,237.92,237.92,239.97,242.02,236.65,236.65,5.37,2026-01-20,231.0,stop_loss,,,-2.9074,-290.74,2,False,False
GOOGL,long,2019-02-04,56.25,56.25,56.76,57.28,55.93,55.93,1.35,2019-02-05,57.28,full_target,2019-02-05,56.76,1.3733,137.33,1,True,True
GOOGL,long,2019-03-05,57.93,57.93,58.34,58.76,57.67,57.67,1.09,2019-03-07,57.54,stop_loss,2019-03-06,58.34,0.0264,2.64,2,True,False
GOOGL,long,2019-03-11,57.75,57.75,58.16,58.57,57.5,57.5,1.07,2019-03-12,58.57,full_target,2019-03-12,58.16,1.0651,106.51,1,True,True
GOOGL,long,2019-10-15,61.14,61.14,61.54,61.94,60.89,60.89,1.05,2019-10-16,61.94,full_target,2019-10-16,61.54,0.9829,98.29,1,True,True
GOOGL,long,2019-12-12,67.41,67.41,67.74,68.07,67.21,67.21,0.86,2019-12-16,68.07,full_target,2019-12-16,67.74,0.729,72.9,2,True,True
GOOGL,long,2019-12-19,67.78,67.78,68.08,68.39,67.6,67.6,0.79,2019-12-20,67.56,stop_loss,2019-12-20,68.08,0.0598,5.98,1,True,False
GOOGL,long,2020-01-08,69.97,69.97,70.32,70.66,69.76,69.76,0.91,2020-01-09,70.66,full_target,2020-01-09,70.32,0.7447,74.47,1,True,True
GOOGL,long,2021-01-28,91.55,91.55,92.52,93.5,90.95,90.95,2.55,2021-02-01,93.5,full_target,2021-02-01,92.52,1.5953,159.53,2,True,True
GOOGL,long,2021-08-27,141.9,141.9,142.65,143.39,141.44,141.44,1.95,2021-08-30,143.39,full_target,2021-08-30,142.65,0.7881,78.81,1,True,True
GOOGL,long,2021-09-01,145.16,145.16,145.9,146.64,144.7,144.7,1.95,2021-09-02,143.29,stop_loss,,,-1.2881,-128.81,1,False,False
GOOGL,short,2022-12-15,94.36,94.36,93.21,92.06,95.07,95.07,3.01,2022-12-16,92.06,full_target,2022-12-16,93.21,1.8257,182.57,1,True,True
GOOGL,short,2022-12-19,89.54,89.54,88.37,87.2,90.26,90.26,3.06,2022-12-22,87.2,full_target,2022-12-20,88.37,1.9564,195.64,3,True,True
GOOGL,long,2023-05-16,117.21,117.21,118.34,119.47,116.51,116.51,2.96,2023-05-17,119.47,full_target,2023-05-17,118.34,1.4462,144.62,1,True,True
GOOGL,long,2024-04-26,156.84,156.84,158.19,159.54,156.0,156.0,3.54,2024-04-29,159.54,full_target,2024-04-29,158.19,1.293,129.3,1,True,True
GOOGL,short,2024-09-06,156.32,156.32,154.83,153.34,157.24,157.24,3.9,2024-09-09,153.34,full_target,2024-09-09,154.83,1.4309,143.09,1,True,True
GOOGL,long,2024-11-06,170.62,170.62,172.05,173.47,169.74,169.74,3.73,2024-11-07,173.47,full_target,2024-11-07,172.05,1.2536,125.36,1,True,True
GOOGL,long,2025-02-04,202.37,202.37,204.22,206.06,201.23,201.23,4.83,2025-02-05,191.33,stop_loss,,,-5.4558,-545.58,1,False,False
GOOGL,long,2025-10-17,252.86,252.86,255.11,257.37,251.46,251.46,5.91,2025-10-21,250.46,stop_loss,2025-10-20,255.11,-0.027,-2.7,2,True,False
GOOGL,long,2025-10-29,268.98,268.98,271.43,273.88,267.47,267.47,6.41,2025-10-30,273.88,full_target,2025-10-30,271.43,1.3664,136.64,1,True,True
GOOGL,long,2026-01-07,316.03,316.03,318.77,321.51,314.34,314.34,7.17,2026-01-08,321.51,full_target,2026-01-08,318.77,1.3001,130.01,1,True,True
GOOGL,long,2026-01-21,323.79,323.79,326.69,329.6,322.0,322.0,7.6,2026-01-22,329.6,full_target,2026-01-22,326.69,1.3443,134.43,1,True,True
MSFT,long,2019-12-19,154.76,154.76,155.4,156.03,154.37,154.37,1.66,2019-12-20,156.03,full_target,2019-12-20,155.4,0.6151,61.51,1,True,True
MSFT,long,2020-06-12,187.46,187.46,189.39,191.31,186.27,186.27,5.04,2020-06-15,188.94,stop_loss,,,0.7892,78.92,1,False,False
MSFT,long,2020-06-16,190.18,190.18,192.2,194.21,188.94,188.94,5.27,2020-06-17,194.21,full_target,2020-06-17,192.2,1.5877,158.77,1,True,True
MSFT,long,2021-08-19,291.63,291.63,293.08,294.54,290.73,290.73,3.81,2021-08-20,294.54,full_target,2021-08-20,293.08,0.7485,74.85,1,True,True
MSFT,long,2021-12-10,334.7,334.7,337.3,339.9,333.1,333.1,6.8,2021-12-13,339.9,full_target,2021-12-13,337.3,1.1639,116.39,1,True,True
MSFT,long,2021-12-15,330.1,330.1,332.95,335.8,328.34,328.34,7.46,2021-12-16,335.8,full_target,2021-12-16,332.95,1.2945,129.45,1,True,True
MSFT,short,2022-05-11,267.16,267.16,263.38,259.6,269.5,269.5,9.9,2022-05-12,259.6,full_target,2022-05-12,263.38,2.1225,212.25,1,True,True
MSFT,long,2023-05-10,308.48,308.48,310.88,313.28,307.0,307.0,6.28,2023-05-16,313.28,full_target,2023-05-11,310.88,1.1669,116.69,4,True,True
MSFT,long,2023-07-18,347.32,347.32,349.89,352.45,345.73,345.73,6.72,2023-07-19,352.45,full_target,2023-07-19,349.89,1.1092,110.92,1,True,True
MSFT,long,2023-07-25,347.07,347.07,350.25,353.43,345.11,345.11,8.32,2023-07-26,337.77,stop_loss,,,-2.6806,-268.06,1,False,False
MSFT,long,2023-11-01,339.92,339.92,342.85,345.78,338.11,338.11,7.67,2023-11-02,345.78,full_target,2023-11-02,342.85,1.2922,129.22,1,True,True
MSFT,long,2023-11-10,362.28,362.28,364.85,367.43,360.69,360.69,6.74,2023-11-13,367.43,full_target,2023-11-13,364.85,1.0659,106.59,1,True,True
MSFT,long,2023-11-14,368.26,368.26,370.82,373.38,366.68,366.68,6.7,2023-11-16,373.38,full_target,2023-11-15,370.82,1.0431,104.31,2,True,True
MSFT,long,2024-01-18,390.87,390.87,393.12,395.38,389.47,389.47,5.91,2024-01-19,395.38,full_target,2024-01-19,393.12,0.8667,86.67,1,True,True
MSFT,long,2024-03-12,406.11,406.11,408.68,411.26,404.52,404.52,6.74,2024-03-13,411.26,full_target,2024-03-13,408.68,0.9503,95.03,1,True,True
MSFT,long,2024-03-14,416.76,416.76,419.44,422.12,415.1,415.1,7.02,2024-03-15,422.12,full_target,2024-03-15,419.44,0.9653,96.53,1,True,True
MSFT,long,2024-12-04,433.06,433.06,436.08,439.1,431.2,431.2,7.9,2024-12-05,439.1,full_target,2024-12-05,436.08,1.0448,104.48,1,True,True
MSFT,long,2024-12-16,449.05,449.05,451.92,454.8,447.27,447.27,7.53,2024-12-17,454.8,full_target,2024-12-17,451.92,0.9605,96.05,1,True,True
MSFT,short,2025-04-03,380.08,380.08,376.74,373.39,382.14,382.14,8.75,2025-04-04,373.39,full_target,2025-04-04,376.74,1.3185,131.85,1,True,True
MSFT,short,2025-04-08,355.34,355.34,351.27,347.2,357.86,357.86,10.66,2025-04-09,390.49,stop_loss,,,-9.8909,-989.09,1,False,False
MSFT,short,2026-01-20,457.91,457.91,454.76,451.6,459.86,459.86,8.26,2026-01-21,451.6,full_target,2026-01-21,454.76,1.0335,103.35,1,True,True
AMD,short,2018-12-19,19.14,19.14,18.57,17.99,19.5,19.5,1.51,2018-12-20,17.99,full_target,2018-12-20,18.57,4.5093,450.93,1,True,True
AMD,short,2018-12-21,17.58,17.58,17.0,16.42,17.94,17.94,1.52,2018-12-24,16.42,full_target,2018-12-24,17.0,4.9596,495.96,1,True,True
AMD,short,2018-12-27,17.54,17.54,16.97,16.39,17.9,17.9,1.51,2018-12-31,18.46,stop_loss,,,-5.2181,-521.81,2,False,False
AMD,long,2019-03-19,23.46,23.46,23.8,24.14,23.25,23.25,0.89,2019-03-20,24.14,full_target,2019-03-20,23.8,2.1707,217.07,1,True,True
AMD,long,2019-03-21,25.95,25.95,26.36,26.77,25.7,25.7,1.07,2019-03-22,26.77,full_target,2019-03-22,26.36,2.354,235.4,1,True,True
AMD,long,2019-06-06,29.81,29.81,30.32,30.83,29.5,29.5,1.33,2019-06-07,30.83,full_target,2019-06-07,30.32,2.5567,255.67,1,True,True
AMD,long,2019-06-18,29.53,29.53,30.05,30.58,29.2,29.2,1.38,2019-06-19,30.58,full_target,2019-06-19,30.05,2.6728,267.28,1,True,True
AMD,long,2020-07-14,54.14,54.14,55.04,55.93,53.59,53.59,2.34,2020-07-20,55.93,full_target,2020-07-15,55.04,2.4785,247.85,4,True,True
AMD,long,2020-07-22,57.52,57.52,58.37,59.22,57.0,57.0,2.22,2020-07-23,59.22,full_target,2020-07-23,58.37,2.2113,221.13,1,True,True
AMD,long,2020-07-24,60.16,60.16,61.12,62.08,59.57,59.57,2.51,2020-07-27,62.08,full_target,2020-07-27,61.12,2.3925,239.25,1,True,True
AMD,long,2020-07-29,68.34,68.34,69.53,70.71,67.61,67.61,3.1,2020-07-30,70.71,full_target,2020-07-30,69.53,2.6018,260.18,1,True,True
AMD,long,2021-10-13,105.77,105.77,106.95,108.14,105.04,105.04,3.1,2021-10-14,108.14,full_target,2021-10-14,106.95,1.6786,167.86,1,True,True
AMD,long,2021-10-18,112.85,112.85,114.04,115.23,112.12,112.12,3.11,2021-10-19,115.23,full_target,2021-10-19,114.04,1.5768,157.68,1,True,True
AMD,long,2021-10-25,120.58,120.58,121.81,123.04,119.82,119.82,3.22,2021-10-26,123.04,full_target,2021-10-26,121.81,1.5316,153.16,1,True,True
AMD,short,2022-12-22,66.96,66.96,65.79,64.63,67.68,67.68,3.05,2022-12-23,64.63,full_target,2022-12-23,65.79,2.6129,261.29,1,True,True
AMD,long,2023-12-11,129.94,129.94,131.58,133.23,128.92,128.92,4.31,2023-12-12,133.23,full_target,2023-12-12,131.58,1.8987,189.87,1,True,True
AMD,long,2023-12-15,139.12,139.12,140.92,142.73,138.0,138.0,4.73,2023-12-19,142.73,full_target,2023-12-19,140.92,1.948,194.8,2,True,True
AMD,long,2024-02-29,178.3,178.3,181.14,183.98,176.54,176.54,7.44,2024-03-01,183.98,full_target,2024-03-01,181.14,2.3913,239.13,1,True,True
AMD,long,2024-03-06,207.04,207.04,210.14,213.23,205.13,205.13,8.1,2024-03-07,213.23,full_target,2024-03-07,210.14,2.2416,224.16,1,True,True
AMD,long,2024-07-10,178.6,178.6,181.03,183.46,177.1,177.1,6.36,2024-07-11,183.46,full_target,2024-07-11,181.03,2.0415,204.15,1,True,True
AMD,short,2024-12-13,129.5,129.5,127.72,125.93,130.6,130.6,4.67,2024-12-16,125.93,full_target,2024-12-16,127.72,2.0646,206.46,1,True,True
AMD,short,2024-12-17,125.56,125.56,123.73,121.9,126.69,126.69,4.79,2024-12-18,121.9,full_target,2024-12-18,123.73,2.1849,218.49,1,True,True
AMD,long,2025-06-16,117.15,117.15,118.76,120.37,116.16,116.16,4.21,2025-06-17,120.37,full_target,2025-06-17,118.76,2.0589,205.89,1,True,True
AMD,long,2025-06-20,127.88,127.88,129.66,131.43,126.79,126.79,4.64,2025-06-23,131.43,full_target,2025-06-23,129.66,2.0789,207.89,1,True,True
AMD,long,2025-10-06,166.02,166.02,168.22,170.41,164.67,164.67,5.74,2025-10-07,170.41,full_target,2025-10-07,168.22,1.9813,198.13,1,True,True
AMD,long,2025-10-15,220.81,220.81,225.2,229.6,218.09,218.09,11.51,2025-10-16,229.6,full_target,2025-10-16,225.2,2.9863,298.63,1,True,True
AMD,long,2026-01-21,234.19,234.19,237.87,241.55,231.92,231.92,9.63,2026-01-22,241.55,full_target,2026-01-22,237.87,2.3573,235.73,1,True,True
